{
  "art_match": {
    "art_box": [
      0.08,
      0.13,
      0.84,
      0.4
    ]
  },
  "lower_text": {
    "lower_text": [
      0.07248322147651007,
      0.6096153846153847,
      0.8630872483221477,
      0.3173076923076923
    ]
  },
  "set_symbol": {
    "set_symbol": [
      0.8523489932885906,
      0.5538461538461539,
      0.09932885906040269,
      0.07692307692307693
    ]
  },
  "standard": {
    "title_band": [
      0.06711409395973154,
      0.032692307692307694,
      0.8684563758389262,
      0.07307692307692308
    ]
  },
  "type_line": {
    "type_line": [
      0.07785234899328859,
      0.5403846153846154,
      0.785234899328859,
      0.08076923076923077
    ]
  }
}